{"cameraMode":{"drawMode":0,"name":"Shaded","section":"Shading Mode"},"sceneLighting":false,"audioPlay":false,"sceneViewState":{"m_AlwaysRefresh":false,"showFog":true,"showSkybox":false,"showFlares":true,"showImageEffects":true,"showParticleSystems":true,"showVisualEffectGraphs":true,"m_FxEnabled":true},"in2DMode":false,"pivot":{"x":1.4870229959487916,"y":0.28859806060791018,"z":11.347209930419922},"rotation":{"x":0.6008332967758179,"y":0.047885145992040637,"z":-0.03609336540102959,"w":0.797123372554779},"size":5.503450870513916,"orthographic":false}