{"cameraMode":{"drawMode":0,"name":"Shaded","section":"Shading Mode"},"sceneLighting":false,"audioPlay":false,"sceneViewState":{"m_AlwaysRefresh":false,"showFog":true,"showSkybox":false,"showFlares":true,"showImageEffects":true,"showParticleSystems":true,"showVisualEffectGraphs":true,"m_FxEnabled":true},"in2DMode":false,"pivot":{"x":0.12953650951385499,"y":1.3946714401245118,"z":0.8395313024520874},"rotation":{"x":0.11648775637149811,"y":0.7453615665435791,"z":-0.13516977429389954,"w":0.6423408389091492},"size":1.061551809310913,"orthographic":false}