{"cameraMode":{"drawMode":0,"name":"Shaded","section":"Shading Mode"},"sceneLighting":false,"audioPlay":false,"sceneViewState":{"m_AlwaysRefresh":false,"showFog":true,"showSkybox":false,"showFlares":true,"showImageEffects":true,"showParticleSystems":true,"showVisualEffectGraphs":true,"m_FxEnabled":true},"in2DMode":false,"pivot":{"x":-13.706669807434082,"y":0.530716061592102,"z":7.613131999969482},"rotation":{"x":-0.022951459512114526,"y":0.7697979807853699,"z":-0.027724964544177057,"w":-0.6372742652893066},"size":3.9130563735961916,"orthographic":false}