{"cameraMode":{"drawMode":0,"name":"Shaded","section":"Shading Mode"},"sceneLighting":false,"audioPlay":false,"sceneViewState":{"m_AlwaysRefresh":false,"showFog":true,"showSkybox":false,"showFlares":true,"showImageEffects":true,"showParticleSystems":true,"showVisualEffectGraphs":true,"m_FxEnabled":true},"in2DMode":false,"pivot":{"x":0.3440905809402466,"y":1.2018132209777833,"z":0.764102578163147},"rotation":{"x":0.010736724361777306,"y":0.9872449636459351,"z":-0.13952575623989106,"w":0.07596554607152939},"size":1.1485352516174317,"orthographic":false}