{"cameraMode":{"drawMode":0,"name":"Shaded","section":"Shading Mode"},"sceneLighting":false,"audioPlay":false,"sceneViewState":{"m_AlwaysRefresh":false,"showFog":true,"showSkybox":false,"showFlares":true,"showImageEffects":true,"showParticleSystems":true,"showVisualEffectGraphs":true,"m_FxEnabled":true},"in2DMode":false,"pivot":{"x":0.013015389442443848,"y":0.1880248486995697,"z":0.04542708396911621},"rotation":{"x":0.49580588936805727,"y":0.054639630019664767,"z":-0.03127719834446907,"w":0.8661479949951172},"size":0.2831903398036957,"orthographic":false}