{"cameraMode":{"drawMode":0,"name":"Shaded","section":"Shading Mode"},"sceneLighting":true,"audioPlay":false,"sceneViewState":{"m_AlwaysRefresh":false,"showFog":true,"showSkybox":true,"showFlares":true,"showImageEffects":true,"showParticleSystems":true,"showVisualEffectGraphs":true,"m_FxEnabled":true},"in2DMode":false,"pivot":{"x":3.8436777591705324,"y":5.332796096801758,"z":5.871346950531006},"rotation":{"x":0.42895546555519106,"y":-0.014902325347065926,"z":0.00708002271130681,"w":0.903181791305542},"size":12.165755271911621,"orthographic":false}