{"cameraMode":{"drawMode":0,"name":"Shaded","section":"Shading Mode"},"sceneLighting":false,"audioPlay":false,"sceneViewState":{"m_AlwaysRefresh":false,"showFog":true,"showSkybox":false,"showFlares":true,"showImageEffects":true,"showParticleSystems":true,"showVisualEffectGraphs":true,"m_FxEnabled":true},"in2DMode":false,"pivot":{"x":-2.9802322387695315e-8,"y":0.9083312749862671,"z":0.27653977274894717},"rotation":{"x":0.010736724361777306,"y":0.9872449636459351,"z":-0.13952575623989106,"w":0.07596554607152939},"size":1.5752166509628297,"orthographic":false}