{"cameraMode":{"drawMode":0,"name":"Shaded","section":"Shading Mode"},"sceneLighting":false,"audioPlay":false,"sceneViewState":{"m_AlwaysRefresh":false,"showFog":true,"showSkybox":false,"showFlares":true,"showImageEffects":true,"showParticleSystems":true,"showVisualEffectGraphs":true,"m_FxEnabled":true},"in2DMode":false,"pivot":{"x":-1.3531465530395508,"y":1.2980234622955323,"z":-0.20245817303657533},"rotation":{"x":0.15572990477085114,"y":0.6033506989479065,"z":-0.12161329388618469,"w":0.7726120352745056},"size":0.3210965096950531,"orthographic":false}